<?xml version="1.0" encoding="UTF-8"?>
<project-private xmlns="http://www.netbeans.org/ns/project-private/1">
    <editor-bookmarks xmlns="http://www.netbeans.org/ns/editor-bookmarks/2" lastBookmarkId="0"/>
    <open-files xmlns="http://www.netbeans.org/ns/projectui-open-files/2">
        <group>
            <file>file:/H:/OuterSpace/src/outerspace/Nave.java</file>
            <file>file:/H:/OuterSpace/src/outerspace/Disparo.java</file>
            <file>file:/H:/OuterSpace/src/telas/Login.java</file>
            <file>file:/H:/OuterSpace/src/telas/Principal.java</file>
            <file>file:/H:/OuterSpace/src/telas/Usuarios.java</file>
            <file>file:/H:/OuterSpace/src/outerspace/Fase.java</file>
            <file>file:/H:/OuterSpace/src/outerspace/Meteoro.java</file>
            <file>file:/H:/OuterSpace/src/telas/AuxConta.java</file>
            <file>file:/H:/OuterSpace/src/outerspace/Movel.java</file>
            <file>file:/H:/OuterSpace/src/outerspace/OuterSpace.java</file>
        </group>
    </open-files>
</project-private>
